dataset,n,hamming
Uncorrelated,10,0
Uncorrelated,10,3
Uncorrelated,10,0
Uncorrelated,10,0
Uncorrelated,10,0
Uncorrelated,10,2
Uncorrelated,10,0
Uncorrelated,10,2
Uncorrelated,10,0
Uncorrelated,10,0
Uncorrelated,10,0
Uncorrelated,10,2
Uncorrelated,10,0
Uncorrelated,10,0
Uncorrelated,10,0
Uncorrelated,10,0
Uncorrelated,10,0
Uncorrelated,10,0
Uncorrelated,10,0
Uncorrelated,10,2
Uncorrelated,10,0
Uncorrelated,10,0
Uncorrelated,10,0
Uncorrelated,10,2
Uncorrelated,10,0
Uncorrelated,10,0
Uncorrelated,10,0
Uncorrelated,10,0
Uncorrelated,10,0
Uncorrelated,10,0
Uncorrelated,10,0
Uncorrelated,10,0
Uncorrelated,10,0
Uncorrelated,10,0
Uncorrelated,10,0
Uncorrelated,10,0
Uncorrelated,10,0
Uncorrelated,10,0
Uncorrelated,10,0
Uncorrelated,11,3
Uncorrelated,11,0
Uncorrelated,11,0
Uncorrelated,11,0
Uncorrelated,11,0
Uncorrelated,11,3
Uncorrelated,11,0
Uncorrelated,11,0
Uncorrelated,11,0
Uncorrelated,11,5
Uncorrelated,11,0
Uncorrelated,11,3
Uncorrelated,11,0
Uncorrelated,11,2
Uncorrelated,11,2
Uncorrelated,11,3
Uncorrelated,11,3
Uncorrelated,11,0
Uncorrelated,11,2
Uncorrelated,11,0
Uncorrelated,11,0
Uncorrelated,11,5
Uncorrelated,11,0
Uncorrelated,11,2
Uncorrelated,11,0
Uncorrelated,11,0
Uncorrelated,11,2
Uncorrelated,11,0
Uncorrelated,11,0
Uncorrelated,11,0
Uncorrelated,11,0
Uncorrelated,11,0
Uncorrelated,11,0
Uncorrelated,11,0
Uncorrelated,11,0
Uncorrelated,11,3
Uncorrelated,11,0
Uncorrelated,11,0
Uncorrelated,11,0
Uncorrelated,11,0
Uncorrelated,12,0
Uncorrelated,12,3
Uncorrelated,12,0
Uncorrelated,12,4
Uncorrelated,12,0
Uncorrelated,12,0
Uncorrelated,12,0
Uncorrelated,12,2
Uncorrelated,12,4
Uncorrelated,12,2
Uncorrelated,12,0
Uncorrelated,12,0
Uncorrelated,12,0
Uncorrelated,12,2
Uncorrelated,12,0
Uncorrelated,12,3
Uncorrelated,12,0
Uncorrelated,12,0
Uncorrelated,12,0
Uncorrelated,12,0
Uncorrelated,12,2
Uncorrelated,12,2
Uncorrelated,12,0
Uncorrelated,12,2
Uncorrelated,12,0
Uncorrelated,12,0
Uncorrelated,12,3
Uncorrelated,12,3
Uncorrelated,12,0
Uncorrelated,12,3
Uncorrelated,12,4
Uncorrelated,12,0
Uncorrelated,12,0
Uncorrelated,12,0
Uncorrelated,12,0
Uncorrelated,12,0
Uncorrelated,12,0
Uncorrelated,12,0
Uncorrelated,12,0
Uncorrelated,12,0
Uncorrelated,12,2
Uncorrelated,13,0
Uncorrelated,13,0
Uncorrelated,13,2
Uncorrelated,13,3
Uncorrelated,13,0
Uncorrelated,13,0
Uncorrelated,13,0
Uncorrelated,13,2
Uncorrelated,13,3
Uncorrelated,13,3
Uncorrelated,13,3
Uncorrelated,13,0
Uncorrelated,13,0
Uncorrelated,13,0
Uncorrelated,13,2
Uncorrelated,13,0
Uncorrelated,13,0
Uncorrelated,13,0
Uncorrelated,13,0
Uncorrelated,13,0
Uncorrelated,13,0
Uncorrelated,13,0
Uncorrelated,13,0
Uncorrelated,13,3
Uncorrelated,13,2
Uncorrelated,13,0
Uncorrelated,13,0
Uncorrelated,13,2
Uncorrelated,13,0
Uncorrelated,13,0
Uncorrelated,13,0
Uncorrelated,13,2
Uncorrelated,13,2
Uncorrelated,13,0
Uncorrelated,13,0
Uncorrelated,13,0
Uncorrelated,13,0
Uncorrelated,13,0
Uncorrelated,13,0
Uncorrelated,13,0
Uncorrelated,13,0
Uncorrelated,13,2
Uncorrelated,13,0
Uncorrelated,14,0
Uncorrelated,14,0
Uncorrelated,14,2
Uncorrelated,14,3
Uncorrelated,14,0
Uncorrelated,14,0
Uncorrelated,14,0
Uncorrelated,14,0
Uncorrelated,14,0
Uncorrelated,14,2
Uncorrelated,14,0
Uncorrelated,14,0
Uncorrelated,14,3
Uncorrelated,14,2
Uncorrelated,14,3
Uncorrelated,14,0
Uncorrelated,14,3
Uncorrelated,14,2
Uncorrelated,14,0
Uncorrelated,14,2
Uncorrelated,14,0
Uncorrelated,14,0
Uncorrelated,14,5
Uncorrelated,14,0
Uncorrelated,14,2
Uncorrelated,14,0
Uncorrelated,14,0
Uncorrelated,14,0
Uncorrelated,14,3
Uncorrelated,14,4
Uncorrelated,14,0
Uncorrelated,14,3
Uncorrelated,14,0
Uncorrelated,14,0
Uncorrelated,14,0
Uncorrelated,14,0
Uncorrelated,14,0
Uncorrelated,14,3
Uncorrelated,14,0
Uncorrelated,14,0
Uncorrelated,14,0
Uncorrelated,14,2
Uncorrelated,14,0
Uncorrelated,14,2
Uncorrelated,14,0
Uncorrelated,15,0
Uncorrelated,15,0
Uncorrelated,15,0
Uncorrelated,15,0
Uncorrelated,15,3
Uncorrelated,15,0
Uncorrelated,15,2
Uncorrelated,15,0
Uncorrelated,15,0
Uncorrelated,15,0
Uncorrelated,15,0
Uncorrelated,15,3
Uncorrelated,15,0
Uncorrelated,15,0
Uncorrelated,15,0
Uncorrelated,15,0
Uncorrelated,15,3
Uncorrelated,15,0
Uncorrelated,15,0
Uncorrelated,16,0
Uncorrelated,16,0
Uncorrelated,16,0
Uncorrelated,16,0
Uncorrelated,16,0
Uncorrelated,16,4
Uncorrelated,16,0
Uncorrelated,16,0
Uncorrelated,16,3
Uncorrelated,16,2
Uncorrelated,16,3
Uncorrelated,16,0
Uncorrelated,16,0
Uncorrelated,16,0
Uncorrelated,16,3
Uncorrelated,16,0
Uncorrelated,16,0
Uncorrelated,16,2
Uncorrelated,16,0
Uncorrelated,16,2
Uncorrelated,16,2
Uncorrelated,16,0
Uncorrelated,16,0
Uncorrelated,16,0
Uncorrelated,16,0
Uncorrelated,16,3
Uncorrelated,16,0
Uncorrelated,16,0
Uncorrelated,16,0
Uncorrelated,16,0
Uncorrelated,16,0
Uncorrelated,16,0
Uncorrelated,17,2
Uncorrelated,17,0
Uncorrelated,17,3
Uncorrelated,17,0
Uncorrelated,17,0
Uncorrelated,17,0
Uncorrelated,17,0
Uncorrelated,17,2
Uncorrelated,17,0
Uncorrelated,17,0
Uncorrelated,17,0
Uncorrelated,17,0
Uncorrelated,18,0
Uncorrelated,18,2
Uncorrelated,18,4
Uncorrelated,18,3
Uncorrelated,18,3
Uncorrelated,18,3
Uncorrelated,18,0
Uncorrelated,18,3
Uncorrelated,18,5
Uncorrelated,18,3
Uncorrelated,18,3
Uncorrelated,18,3
Uncorrelated,18,0
Uncorrelated,18,4
Uncorrelated,18,3
Uncorrelated,18,3
Uncorrelated,18,2
Uncorrelated,18,3
Uncorrelated,18,4
Uncorrelated,18,4
Uncorrelated,18,3
Uncorrelated,18,0
Uncorrelated,18,0
Uncorrelated,18,2
Uncorrelated,18,0
Uncorrelated,18,3
Uncorrelated,18,3
Uncorrelated,18,4
Uncorrelated,18,3
Uncorrelated,18,3
Uncorrelated,18,4
Uncorrelated,18,2
Uncorrelated,18,3
Uncorrelated,18,2
Uncorrelated,18,3
Uncorrelated,18,0
Uncorrelated,18,0
Uncorrelated,18,0
Uncorrelated,18,2
Uncorrelated,18,2
Uncorrelated,18,0
Uncorrelated,18,0
Uncorrelated,18,4
Uncorrelated,18,3
Uncorrelated,18,0
Uncorrelated,18,0
Uncorrelated,18,0
Uncorrelated,18,2
Uncorrelated,18,0
Uncorrelated,18,0
Uncorrelated,18,2
Uncorrelated,18,0
Uncorrelated,18,4
Uncorrelated,18,2
Uncorrelated,18,2
Uncorrelated,18,2
Uncorrelated,18,0
Uncorrelated,18,3
Uncorrelated,18,2
Uncorrelated,18,0
Uncorrelated,18,0
Uncorrelated,18,0
Uncorrelated,18,2
Uncorrelated,18,0
Uncorrelated,18,0
Uncorrelated,18,0
Uncorrelated,18,2
Uncorrelated,18,0
Uncorrelated,18,0
Uncorrelated,18,0
Uncorrelated,18,0
Uncorrelated,18,2
Uncorrelated,18,2
Uncorrelated,18,2
Uncorrelated,18,0
Uncorrelated,18,0
Uncorrelated,19,0
Uncorrelated,19,0
Uncorrelated,19,0
Uncorrelated,19,0
Uncorrelated,19,3
Uncorrelated,19,0
Uncorrelated,19,0
Uncorrelated,19,0
Uncorrelated,19,0
Uncorrelated,19,0
Uncorrelated,19,4
Uncorrelated,19,3
Uncorrelated,19,0
Uncorrelated,19,4
Uncorrelated,19,2
Uncorrelated,19,0
Uncorrelated,19,0
Uncorrelated,19,0
Uncorrelated,19,0
Uncorrelated,19,0
Uncorrelated,19,3
Uncorrelated,19,0
Uncorrelated,19,0
Uncorrelated,19,5
Uncorrelated,19,0
Uncorrelated,19,0
Uncorrelated,19,3
Uncorrelated,19,0
Uncorrelated,19,0
Uncorrelated,19,0
Uncorrelated,19,0
Uncorrelated,19,2
Uncorrelated,19,3
Uncorrelated,19,0
Uncorrelated,19,0
Uncorrelated,19,0
Uncorrelated,19,0
Uncorrelated,19,3
Uncorrelated,19,0
Uncorrelated,19,0
Uncorrelated,19,2
Uncorrelated,19,0
Uncorrelated,19,0
Uncorrelated,19,0
Uncorrelated,19,2
Uncorrelated,20,0
Uncorrelated,20,3
Uncorrelated,20,0
Uncorrelated,20,4
Uncorrelated,20,0
Uncorrelated,20,3
Uncorrelated,20,0
Uncorrelated,20,4
Uncorrelated,20,5
Uncorrelated,20,3
Uncorrelated,20,0
Uncorrelated,20,0
Uncorrelated,20,4
Uncorrelated,20,0
Uncorrelated,20,0
Uncorrelated,20,0
Uncorrelated,20,3
Uncorrelated,20,0
Uncorrelated,20,5
Uncorrelated,20,3
Uncorrelated,20,3
Uncorrelated,20,0
Uncorrelated,20,0
Uncorrelated,20,0
Uncorrelated,20,0
Uncorrelated,20,0
Uncorrelated,20,0
Uncorrelated,20,0
Uncorrelated,20,0
Uncorrelated,20,0
Uncorrelated,20,0
Uncorrelated,20,0
Uncorrelated,20,0
Uncorrelated,20,4
Uncorrelated,20,0
Uncorrelated,20,3
Uncorrelated,20,0
Uncorrelated,20,0
Uncorrelated,20,0
Uncorrelated,20,3
Uncorrelated,20,2
Uncorrelated,20,0
Uncorrelated,20,0
Uncorrelated,20,0
Uncorrelated,20,0
Uncorrelated,20,0
Uncorrelated,20,3
Uncorrelated,20,0
Uncorrelated,20,3
Uncorrelated,20,0
Uncorrelated,20,3
Uncorrelated,20,3
Uncorrelated,20,2
Uncorrelated,20,4
Uncorrelated,20,3
Uncorrelated,20,0
Uncorrelated,20,0
Uncorrelated,20,2
Uncorrelated,20,0
Uncorrelated,20,0
Uncorrelated,20,0
Uncorrelated,20,0
Uncorrelated,20,0
Uncorrelated,20,0
Uncorrelated,20,3
Uncorrelated,20,0
Uncorrelated,20,0
Uncorrelated,20,0
Uncorrelated,20,0
Uncorrelated,20,0
Uncorrelated,20,0
Uncorrelated,20,2
Uncorrelated,21,0
Uncorrelated,21,3
Uncorrelated,21,0
Uncorrelated,21,2
Uncorrelated,21,3
Uncorrelated,21,0
Uncorrelated,21,2
Uncorrelated,21,0
Uncorrelated,21,0
Uncorrelated,21,3
Uncorrelated,21,3
Uncorrelated,21,2
Uncorrelated,21,0
Uncorrelated,21,0
Uncorrelated,21,3
Uncorrelated,21,0
Uncorrelated,21,3
Uncorrelated,21,3
Uncorrelated,21,3
Uncorrelated,21,5
Uncorrelated,21,3
Uncorrelated,21,3
Uncorrelated,21,2
Uncorrelated,21,3
Uncorrelated,21,0
Uncorrelated,21,0
Uncorrelated,21,0
Uncorrelated,21,3
Uncorrelated,21,0
Uncorrelated,21,0
Uncorrelated,21,0
Uncorrelated,21,0
Uncorrelated,21,4
Uncorrelated,21,2
Uncorrelated,21,0
Uncorrelated,21,4
Uncorrelated,21,0
Uncorrelated,21,0
Uncorrelated,21,0
Uncorrelated,21,0
Uncorrelated,21,3
Uncorrelated,21,0
Uncorrelated,21,0
Uncorrelated,21,0
Uncorrelated,21,2
Uncorrelated,21,0
Uncorrelated,21,0
Uncorrelated,21,0
Uncorrelated,21,4
Uncorrelated,21,2
Uncorrelated,21,0
Uncorrelated,21,3
Uncorrelated,21,0
Uncorrelated,21,3
Uncorrelated,21,0
Uncorrelated,21,0
Uncorrelated,21,0
Uncorrelated,21,0
Uncorrelated,21,0
Uncorrelated,21,0
Uncorrelated,21,0
Uncorrelated,21,0
Uncorrelated,21,0
Uncorrelated,21,3
Uncorrelated,21,0
Uncorrelated,21,0
Uncorrelated,21,2
Uncorrelated,21,0
Uncorrelated,22,4
Uncorrelated,22,2
Uncorrelated,22,0
Uncorrelated,22,3
Uncorrelated,22,3
Uncorrelated,22,0
Uncorrelated,22,0
Uncorrelated,22,0
Uncorrelated,22,3
Uncorrelated,22,0
Uncorrelated,22,0
Uncorrelated,22,2
Uncorrelated,22,0
Uncorrelated,22,3
Uncorrelated,22,0
Uncorrelated,22,0
Uncorrelated,22,3
Uncorrelated,22,2
Uncorrelated,22,3
Uncorrelated,22,3
Uncorrelated,22,0
Uncorrelated,22,0
Uncorrelated,22,0
Uncorrelated,22,0
Uncorrelated,22,2
Uncorrelated,22,0
Uncorrelated,22,0
Uncorrelated,23,0
Uncorrelated,23,2
Uncorrelated,23,0
Uncorrelated,23,2
Uncorrelated,23,0
Uncorrelated,23,0
Uncorrelated,23,2
Uncorrelated,23,3
Uncorrelated,23,0
Uncorrelated,23,2
Uncorrelated,23,4
Uncorrelated,23,0
Uncorrelated,23,0
Uncorrelated,23,3
Uncorrelated,23,2
Uncorrelated,23,0
Uncorrelated,23,3
Uncorrelated,23,4
Uncorrelated,23,3
Uncorrelated,23,3
Uncorrelated,23,0
Uncorrelated,23,3
Uncorrelated,23,3
Uncorrelated,23,0
Uncorrelated,23,0
Uncorrelated,23,4
Uncorrelated,23,0
Uncorrelated,23,0
Uncorrelated,23,0
Uncorrelated,23,5
Uncorrelated,23,0
Uncorrelated,23,0
Uncorrelated,23,3
Uncorrelated,23,3
Uncorrelated,23,0
Uncorrelated,23,0
Uncorrelated,23,0
Uncorrelated,23,0
Uncorrelated,23,0
Uncorrelated,23,2
Uncorrelated,23,4
Uncorrelated,23,0
Uncorrelated,23,0
Uncorrelated,23,3
Uncorrelated,23,2
Uncorrelated,23,3
Uncorrelated,23,0
Uncorrelated,23,0
Uncorrelated,23,0
Uncorrelated,23,0
Uncorrelated,23,0
Uncorrelated,23,0
Uncorrelated,23,0
Uncorrelated,23,3
Uncorrelated,23,3
Uncorrelated,23,0
Uncorrelated,23,0
Uncorrelated,23,0
Uncorrelated,23,0
Uncorrelated,23,3
Uncorrelated,23,2
Uncorrelated,23,0
Uncorrelated,23,0
Uncorrelated,23,0
Uncorrelated,23,0
Uncorrelated,23,0
Uncorrelated,24,0
Uncorrelated,24,2
Uncorrelated,24,0
Uncorrelated,24,2
Uncorrelated,24,0
Uncorrelated,24,5
Uncorrelated,24,4
Uncorrelated,24,3
Uncorrelated,24,2
Uncorrelated,24,0
Uncorrelated,24,0
Uncorrelated,24,3
Uncorrelated,24,3
Uncorrelated,24,0
Uncorrelated,24,0
Uncorrelated,24,0
Uncorrelated,24,3
Uncorrelated,24,0
Uncorrelated,24,3
Uncorrelated,24,0
Uncorrelated,24,2
Uncorrelated,24,0
Uncorrelated,24,0
Uncorrelated,24,0
Uncorrelated,24,0
Uncorrelated,24,0
Uncorrelated,25,0
Uncorrelated,25,0
Uncorrelated,25,3
Uncorrelated,25,4
Uncorrelated,25,3
Uncorrelated,25,3
Uncorrelated,25,0
Uncorrelated,25,0
Uncorrelated,25,0
Uncorrelated,25,0
Uncorrelated,25,0
Uncorrelated,25,2
Uncorrelated,25,0
Uncorrelated,25,3
Uncorrelated,25,3
Uncorrelated,25,2
Uncorrelated,25,0
Uncorrelated,25,0
Uncorrelated,25,0
Uncorrelated,25,3
Uncorrelated,25,3
Uncorrelated,25,0
Uncorrelated,25,0
Uncorrelated,25,4
Uncorrelated,25,0
Uncorrelated,25,0
Uncorrelated,25,2
Uncorrelated,25,0
Uncorrelated,25,3
Uncorrelated,25,0
Uncorrelated,25,0
Uncorrelated,25,3
Uncorrelated,25,0
Uncorrelated,25,0
Uncorrelated,25,2
Uncorrelated,25,2
Uncorrelated,25,2
Uncorrelated,25,0
Uncorrelated,26,0
Uncorrelated,26,2
Uncorrelated,26,3
Uncorrelated,26,2
Uncorrelated,26,0
Uncorrelated,26,0
Uncorrelated,26,0
Uncorrelated,26,0
Uncorrelated,26,4
Uncorrelated,26,0
Uncorrelated,26,0
Uncorrelated,26,3
Uncorrelated,26,3
Uncorrelated,26,0
Uncorrelated,26,2
Uncorrelated,26,3
Uncorrelated,26,0
Uncorrelated,26,0
Uncorrelated,26,0
Uncorrelated,26,4
Uncorrelated,26,3
Uncorrelated,26,0
Uncorrelated,26,0
Uncorrelated,26,0
Uncorrelated,27,3
Uncorrelated,27,2
Uncorrelated,27,0
Uncorrelated,27,2
Uncorrelated,27,0
Uncorrelated,27,0
Uncorrelated,27,3
Uncorrelated,27,0
Uncorrelated,27,0
Uncorrelated,27,0
Uncorrelated,27,2
Uncorrelated,27,0
Uncorrelated,27,0
Uncorrelated,27,5
Uncorrelated,27,0
Uncorrelated,27,3
Uncorrelated,27,5
Uncorrelated,27,2
Uncorrelated,27,2
Uncorrelated,27,0
Uncorrelated,27,0
Uncorrelated,27,3
Uncorrelated,27,2
Uncorrelated,27,2
Uncorrelated,27,2
Uncorrelated,27,0
Uncorrelated,27,0
Uncorrelated,27,2
Uncorrelated,27,4
Uncorrelated,27,2
Uncorrelated,27,0
Uncorrelated,27,0
Uncorrelated,27,3
Uncorrelated,27,0
Uncorrelated,27,0
Uncorrelated,27,0
Uncorrelated,27,0
Uncorrelated,27,0
Uncorrelated,27,4
Uncorrelated,27,3
Uncorrelated,27,3
Uncorrelated,27,2
Uncorrelated,27,3
Uncorrelated,27,0
Uncorrelated,27,0
Uncorrelated,27,0
Uncorrelated,27,3
Uncorrelated,27,3
Uncorrelated,27,2
Uncorrelated,27,0
Uncorrelated,27,0
Uncorrelated,27,0
Uncorrelated,27,2
Uncorrelated,27,0
Uncorrelated,27,3
Uncorrelated,27,0
Uncorrelated,27,2
Uncorrelated,27,2
Uncorrelated,27,3
Uncorrelated,27,0
Uncorrelated,27,0
Uncorrelated,27,0
Uncorrelated,27,4
Uncorrelated,27,2
Uncorrelated,27,0
Uncorrelated,27,0
Uncorrelated,27,0
Uncorrelated,27,2
Uncorrelated,27,0
Uncorrelated,27,2
Uncorrelated,27,0
Uncorrelated,27,3
Uncorrelated,27,2
Uncorrelated,27,2
Uncorrelated,27,0
Uncorrelated,27,3
Uncorrelated,27,0
Uncorrelated,27,3
Uncorrelated,27,0
Uncorrelated,27,0
Uncorrelated,27,0
Uncorrelated,27,0
Uncorrelated,27,0
Uncorrelated,27,0
Uncorrelated,27,0
Uncorrelated,27,0
Uncorrelated,27,2
Uncorrelated,27,0
Uncorrelated,27,0
Uncorrelated,28,3
Uncorrelated,28,0
Uncorrelated,28,0
Uncorrelated,28,0
Uncorrelated,28,2
Uncorrelated,28,0
Uncorrelated,28,4
Uncorrelated,28,3
Uncorrelated,28,0
Uncorrelated,28,3
Uncorrelated,28,3
Uncorrelated,28,4
Uncorrelated,28,0
Uncorrelated,28,5
Uncorrelated,28,0
Uncorrelated,28,4
Uncorrelated,28,3
Uncorrelated,28,5
Uncorrelated,28,0
Uncorrelated,28,4
Uncorrelated,28,3
Uncorrelated,28,0
Uncorrelated,28,2
Uncorrelated,28,3
Uncorrelated,28,3
Uncorrelated,28,0
Uncorrelated,28,0
Uncorrelated,28,0
Uncorrelated,28,3
Uncorrelated,28,0
Uncorrelated,28,0
Uncorrelated,28,3
Uncorrelated,28,0
Uncorrelated,28,0
Uncorrelated,28,0
Uncorrelated,28,0
Uncorrelated,28,2
Uncorrelated,29,0
Uncorrelated,29,0
Uncorrelated,29,4
Uncorrelated,29,0
Uncorrelated,29,0
Uncorrelated,29,0
Uncorrelated,29,0
Uncorrelated,29,2
Uncorrelated,29,0
Uncorrelated,30,0
Uncorrelated,30,3
Uncorrelated,30,3
Uncorrelated,30,3
Uncorrelated,30,2
Uncorrelated,30,3
Uncorrelated,30,2
Uncorrelated,30,0
Uncorrelated,30,3
Uncorrelated,30,3
Uncorrelated,30,4
Uncorrelated,30,3
Uncorrelated,30,2
Uncorrelated,30,0
Uncorrelated,30,2
Uncorrelated,30,4
Uncorrelated,30,4
Uncorrelated,30,4
Uncorrelated,30,0
Uncorrelated,30,0
Uncorrelated,30,3
Uncorrelated,30,0
Uncorrelated,30,0
Uncorrelated,30,2
Uncorrelated,30,0
Uncorrelated,30,4
Uncorrelated,30,4
Uncorrelated,30,0
Uncorrelated,30,0
Uncorrelated,30,0
Uncorrelated,30,0
Uncorrelated,30,3
Uncorrelated,30,0
Uncorrelated,30,0
Uncorrelated,30,2
Uncorrelated,30,3
Uncorrelated,30,0
Uncorrelated,30,4
Uncorrelated,30,3
Uncorrelated,30,0
Uncorrelated,30,2
Uncorrelated,30,0
Uncorrelated,30,2
Uncorrelated,30,3
Uncorrelated,30,2
Uncorrelated,30,0
Uncorrelated,30,2
Uncorrelated,30,0
Uncorrelated,31,0
Uncorrelated,31,2
Uncorrelated,31,3
Uncorrelated,31,4
Uncorrelated,31,0
Uncorrelated,31,4
Uncorrelated,31,2
Uncorrelated,31,5
Uncorrelated,31,0
Uncorrelated,31,3
Uncorrelated,31,4
Uncorrelated,31,3
Uncorrelated,31,2
Uncorrelated,31,0
Uncorrelated,31,0
Uncorrelated,31,0
Uncorrelated,31,4
Uncorrelated,31,2
Uncorrelated,31,0
Uncorrelated,31,0
Uncorrelated,31,3
Uncorrelated,31,0
Uncorrelated,31,0
Uncorrelated,31,0
Uncorrelated,31,0
Uncorrelated,31,0
Uncorrelated,32,0
Uncorrelated,32,2
Uncorrelated,32,0
Uncorrelated,32,4
Uncorrelated,32,0
Uncorrelated,32,3
Uncorrelated,32,0
Uncorrelated,32,3
Uncorrelated,32,0
Uncorrelated,32,4
Uncorrelated,32,4
Uncorrelated,32,0
Uncorrelated,32,0
Uncorrelated,32,0
Uncorrelated,32,4
Uncorrelated,32,4
Uncorrelated,32,0
Uncorrelated,32,0
Uncorrelated,32,0
Uncorrelated,32,5
Uncorrelated,32,3
Uncorrelated,32,3
Uncorrelated,32,2
Uncorrelated,32,3
Uncorrelated,32,0
Uncorrelated,32,5
Uncorrelated,32,0
Uncorrelated,32,3
Uncorrelated,32,0
Uncorrelated,32,3
Uncorrelated,32,0
Uncorrelated,32,0
Uncorrelated,32,3
Uncorrelated,32,0
Uncorrelated,32,2
Uncorrelated,32,2
Uncorrelated,32,0
Uncorrelated,32,3
Uncorrelated,32,0
Uncorrelated,32,4
Uncorrelated,32,0
Uncorrelated,32,2
Uncorrelated,32,0
Uncorrelated,32,3
Uncorrelated,32,2
Uncorrelated,32,3
Uncorrelated,32,0
Uncorrelated,32,3
Uncorrelated,32,2
Uncorrelated,32,0
Uncorrelated,32,0
Uncorrelated,32,0
Uncorrelated,32,0
Uncorrelated,32,3
Uncorrelated,32,2
Uncorrelated,32,0
Uncorrelated,32,3
Uncorrelated,32,0
Uncorrelated,32,0
Uncorrelated,32,0
Uncorrelated,32,3
Uncorrelated,32,3
Uncorrelated,32,0
Uncorrelated,33,0
Uncorrelated,33,3
Uncorrelated,33,0
Uncorrelated,33,3
Uncorrelated,33,0
Uncorrelated,33,3
Uncorrelated,33,0
Uncorrelated,33,6
Uncorrelated,33,0
Uncorrelated,33,2
Uncorrelated,33,4
Uncorrelated,33,0
Uncorrelated,33,3
Uncorrelated,33,3
Uncorrelated,33,3
Uncorrelated,33,3
Uncorrelated,33,2
Uncorrelated,33,3
Uncorrelated,33,3
Uncorrelated,33,0
Uncorrelated,33,3
Uncorrelated,33,0
Uncorrelated,33,2
Uncorrelated,33,4
Uncorrelated,33,0
Uncorrelated,33,3
Uncorrelated,33,4
Uncorrelated,33,2
Uncorrelated,33,2
Uncorrelated,33,0
Uncorrelated,33,3
Uncorrelated,33,4
Uncorrelated,33,4
Uncorrelated,33,0
Uncorrelated,33,0
Uncorrelated,33,0
Uncorrelated,33,4
Uncorrelated,33,3
Uncorrelated,33,0
Uncorrelated,33,3
Uncorrelated,33,0
Uncorrelated,33,2
Uncorrelated,33,2
Uncorrelated,33,0
Uncorrelated,33,3
Uncorrelated,33,0
Uncorrelated,33,4
Uncorrelated,33,3
Uncorrelated,33,3
Uncorrelated,33,3
Uncorrelated,33,0
Uncorrelated,33,0
Uncorrelated,33,2
Uncorrelated,33,0
Uncorrelated,33,4
Uncorrelated,33,3
Uncorrelated,33,0
Uncorrelated,33,0
Uncorrelated,33,0
Uncorrelated,33,0
Uncorrelated,33,0
Uncorrelated,33,0
Uncorrelated,33,0
Uncorrelated,33,0
Uncorrelated,33,0
Uncorrelated,34,3
Uncorrelated,34,0
Uncorrelated,34,0
Uncorrelated,34,0
Uncorrelated,34,0
Uncorrelated,34,3
Uncorrelated,34,2
Uncorrelated,34,3
Uncorrelated,34,3
Uncorrelated,34,0
Uncorrelated,34,4
Uncorrelated,34,2
Uncorrelated,34,0
Uncorrelated,34,0
Uncorrelated,34,3
Uncorrelated,34,0
Uncorrelated,34,0
Uncorrelated,35,4
Uncorrelated,35,0
Uncorrelated,35,0
Uncorrelated,35,0
Uncorrelated,35,0
Uncorrelated,35,3
Uncorrelated,35,5
Uncorrelated,35,0
Uncorrelated,35,3
Uncorrelated,35,2
Uncorrelated,35,4
Uncorrelated,35,3
Uncorrelated,35,0
Uncorrelated,35,0
Uncorrelated,35,0
Weakly Correlated,10,4
Weakly Correlated,10,2
Weakly Correlated,10,0
Weakly Correlated,10,3
Weakly Correlated,10,5
Weakly Correlated,10,2
Weakly Correlated,10,0
Weakly Correlated,10,4
Weakly Correlated,10,0
Weakly Correlated,10,5
Weakly Correlated,10,2
Weakly Correlated,10,0
Weakly Correlated,10,3
Weakly Correlated,10,0
Weakly Correlated,10,5
Weakly Correlated,10,2
Weakly Correlated,10,0
Weakly Correlated,10,0
Weakly Correlated,10,2
Weakly Correlated,10,4
Weakly Correlated,10,3
Weakly Correlated,10,4
Weakly Correlated,10,5
Weakly Correlated,10,2
Weakly Correlated,10,4
Weakly Correlated,10,3
Weakly Correlated,10,0
Weakly Correlated,10,4
Weakly Correlated,10,0
Weakly Correlated,10,0
Weakly Correlated,10,2
Weakly Correlated,10,2
Weakly Correlated,10,0
Weakly Correlated,10,2
Weakly Correlated,10,0
Weakly Correlated,10,4
Weakly Correlated,10,3
Weakly Correlated,10,0
Weakly Correlated,10,2
Weakly Correlated,11,0
Weakly Correlated,11,3
Weakly Correlated,11,0
Weakly Correlated,11,3
Weakly Correlated,11,6
Weakly Correlated,11,2
Weakly Correlated,11,3
Weakly Correlated,11,3
Weakly Correlated,11,0
Weakly Correlated,11,5
Weakly Correlated,11,3
Weakly Correlated,11,3
Weakly Correlated,11,0
Weakly Correlated,11,2
Weakly Correlated,11,4
Weakly Correlated,11,3
Weakly Correlated,11,3
Weakly Correlated,11,4
Weakly Correlated,11,3
Weakly Correlated,11,0
Weakly Correlated,11,3
Weakly Correlated,11,2
Weakly Correlated,11,0
Weakly Correlated,11,4
Weakly Correlated,11,0
Weakly Correlated,11,2
Weakly Correlated,11,4
Weakly Correlated,11,3
Weakly Correlated,11,4
Weakly Correlated,11,6
Weakly Correlated,11,0
Weakly Correlated,11,2
Weakly Correlated,11,4
Weakly Correlated,11,2
Weakly Correlated,11,2
Weakly Correlated,11,0
Weakly Correlated,11,3
Weakly Correlated,11,0
Weakly Correlated,11,2
Weakly Correlated,11,3
Weakly Correlated,12,5
Weakly Correlated,12,3
Weakly Correlated,12,4
Weakly Correlated,12,4
Weakly Correlated,12,3
Weakly Correlated,12,3
Weakly Correlated,12,4
Weakly Correlated,12,3
Weakly Correlated,12,3
Weakly Correlated,12,0
Weakly Correlated,12,4
Weakly Correlated,12,3
Weakly Correlated,12,3
Weakly Correlated,12,3
Weakly Correlated,12,4
Weakly Correlated,12,0
Weakly Correlated,12,2
Weakly Correlated,12,0
Weakly Correlated,12,0
Weakly Correlated,12,3
Weakly Correlated,12,4
Weakly Correlated,12,4
Weakly Correlated,12,4
Weakly Correlated,12,2
Weakly Correlated,12,0
Weakly Correlated,12,2
Weakly Correlated,12,6
Weakly Correlated,12,3
Weakly Correlated,12,5
Weakly Correlated,12,3
Weakly Correlated,12,0
Weakly Correlated,12,4
Weakly Correlated,12,4
Weakly Correlated,12,2
Weakly Correlated,12,3
Weakly Correlated,12,3
Weakly Correlated,12,4
Weakly Correlated,12,3
Weakly Correlated,12,2
Weakly Correlated,12,2
Weakly Correlated,12,2
Weakly Correlated,13,5
Weakly Correlated,13,3
Weakly Correlated,13,0
Weakly Correlated,13,0
Weakly Correlated,13,4
Weakly Correlated,13,5
Weakly Correlated,13,0
Weakly Correlated,13,5
Weakly Correlated,13,3
Weakly Correlated,13,5
Weakly Correlated,13,5
Weakly Correlated,13,5
Weakly Correlated,13,5
Weakly Correlated,13,0
Weakly Correlated,13,3
Weakly Correlated,13,0
Weakly Correlated,13,4
Weakly Correlated,13,0
Weakly Correlated,13,0
Weakly Correlated,13,0
Weakly Correlated,13,4
Weakly Correlated,13,6
Weakly Correlated,13,4
Weakly Correlated,13,4
Weakly Correlated,13,3
Weakly Correlated,13,0
Weakly Correlated,13,4
Weakly Correlated,13,4
Weakly Correlated,13,2
Weakly Correlated,13,0
Weakly Correlated,13,5
Weakly Correlated,13,3
Weakly Correlated,13,0
Weakly Correlated,13,3
Weakly Correlated,13,0
Weakly Correlated,13,2
Weakly Correlated,13,0
Weakly Correlated,13,0
Weakly Correlated,13,0
Weakly Correlated,13,3
Weakly Correlated,13,0
Weakly Correlated,13,0
Weakly Correlated,13,3
Weakly Correlated,14,0
Weakly Correlated,14,0
Weakly Correlated,14,4
Weakly Correlated,14,0
Weakly Correlated,14,5
Weakly Correlated,14,0
Weakly Correlated,14,3
Weakly Correlated,14,2
Weakly Correlated,14,3
Weakly Correlated,14,0
Weakly Correlated,14,2
Weakly Correlated,14,0
Weakly Correlated,14,0
Weakly Correlated,14,0
Weakly Correlated,14,6
Weakly Correlated,14,6
Weakly Correlated,14,0
Weakly Correlated,14,3
Weakly Correlated,14,0
Weakly Correlated,14,5
Weakly Correlated,14,3
Weakly Correlated,14,3
Weakly Correlated,14,3
Weakly Correlated,14,0
Weakly Correlated,14,0
Weakly Correlated,14,4
Weakly Correlated,14,4
Weakly Correlated,14,0
Weakly Correlated,14,2
Weakly Correlated,14,0
Weakly Correlated,14,4
Weakly Correlated,14,0
Weakly Correlated,14,0
Weakly Correlated,14,0
Weakly Correlated,14,2
Weakly Correlated,14,3
Weakly Correlated,14,3
Weakly Correlated,14,2
Weakly Correlated,14,5
Weakly Correlated,14,0
Weakly Correlated,14,0
Weakly Correlated,14,0
Weakly Correlated,14,3
Weakly Correlated,14,0
Weakly Correlated,14,0
Weakly Correlated,15,4
Weakly Correlated,15,4
Weakly Correlated,15,4
Weakly Correlated,15,4
Weakly Correlated,15,0
Weakly Correlated,15,4
Weakly Correlated,15,4
Weakly Correlated,15,0
Weakly Correlated,15,3
Weakly Correlated,15,4
Weakly Correlated,15,0
Weakly Correlated,15,0
Weakly Correlated,15,4
Weakly Correlated,15,6
Weakly Correlated,15,0
Weakly Correlated,15,3
Weakly Correlated,15,3
Weakly Correlated,15,0
Weakly Correlated,15,2
Weakly Correlated,16,4
Weakly Correlated,16,3
Weakly Correlated,16,3
Weakly Correlated,16,0
Weakly Correlated,16,0
Weakly Correlated,16,4
Weakly Correlated,16,0
Weakly Correlated,16,2
Weakly Correlated,16,4
Weakly Correlated,16,4
Weakly Correlated,16,0
Weakly Correlated,16,0
Weakly Correlated,16,0
Weakly Correlated,16,0
Weakly Correlated,16,4
Weakly Correlated,16,3
Weakly Correlated,16,0
Weakly Correlated,16,4
Weakly Correlated,16,2
Weakly Correlated,16,6
Weakly Correlated,16,4
Weakly Correlated,16,3
Weakly Correlated,16,0
Weakly Correlated,16,3
Weakly Correlated,16,4
Weakly Correlated,16,3
Weakly Correlated,16,3
Weakly Correlated,16,0
Weakly Correlated,16,4
Weakly Correlated,16,0
Weakly Correlated,16,5
Weakly Correlated,16,0
Weakly Correlated,17,0
Weakly Correlated,17,0
Weakly Correlated,17,5
Weakly Correlated,17,4
Weakly Correlated,17,6
Weakly Correlated,17,0
Weakly Correlated,17,5
Weakly Correlated,17,0
Weakly Correlated,17,3
Weakly Correlated,17,0
Weakly Correlated,17,0
Weakly Correlated,17,0
Weakly Correlated,18,2
Weakly Correlated,18,3
Weakly Correlated,18,5
Weakly Correlated,18,3
Weakly Correlated,18,4
Weakly Correlated,18,3
Weakly Correlated,18,2
Weakly Correlated,18,0
Weakly Correlated,18,4
Weakly Correlated,18,4
Weakly Correlated,18,2
Weakly Correlated,18,0
Weakly Correlated,18,0
Weakly Correlated,18,3
Weakly Correlated,18,4
Weakly Correlated,18,4
Weakly Correlated,18,3
Weakly Correlated,18,0
Weakly Correlated,18,0
Weakly Correlated,18,0
Weakly Correlated,18,5
Weakly Correlated,18,0
Weakly Correlated,18,5
Weakly Correlated,18,2
Weakly Correlated,18,3
Weakly Correlated,18,2
Weakly Correlated,18,0
Weakly Correlated,18,3
Weakly Correlated,18,3
Weakly Correlated,18,5
Weakly Correlated,18,0
Weakly Correlated,18,4
Weakly Correlated,18,4
Weakly Correlated,18,0
Weakly Correlated,18,3
Weakly Correlated,18,3
Weakly Correlated,18,3
Weakly Correlated,18,3
Weakly Correlated,18,2
Weakly Correlated,18,5
Weakly Correlated,18,0
Weakly Correlated,18,4
Weakly Correlated,18,0
Weakly Correlated,18,4
Weakly Correlated,18,3
Weakly Correlated,18,2
Weakly Correlated,18,4
Weakly Correlated,18,3
Weakly Correlated,18,0
Weakly Correlated,18,4
Weakly Correlated,18,6
Weakly Correlated,18,0
Weakly Correlated,18,0
Weakly Correlated,18,3
Weakly Correlated,18,0
Weakly Correlated,18,3
Weakly Correlated,18,0
Weakly Correlated,18,0
Weakly Correlated,18,0
Weakly Correlated,18,0
Weakly Correlated,18,2
Weakly Correlated,18,0
Weakly Correlated,18,3
Weakly Correlated,18,5
Weakly Correlated,18,3
Weakly Correlated,18,5
Weakly Correlated,18,3
Weakly Correlated,18,0
Weakly Correlated,18,4
Weakly Correlated,18,4
Weakly Correlated,18,2
Weakly Correlated,18,0
Weakly Correlated,18,0
Weakly Correlated,18,3
Weakly Correlated,18,4
Weakly Correlated,18,2
Weakly Correlated,19,0
Weakly Correlated,19,0
Weakly Correlated,19,5
Weakly Correlated,19,5
Weakly Correlated,19,0
Weakly Correlated,19,5
Weakly Correlated,19,0
Weakly Correlated,19,2
Weakly Correlated,19,0
Weakly Correlated,19,5
Weakly Correlated,19,4
Weakly Correlated,19,4
Weakly Correlated,19,5
Weakly Correlated,19,5
Weakly Correlated,19,0
Weakly Correlated,19,5
Weakly Correlated,19,3
Weakly Correlated,19,0
Weakly Correlated,19,3
Weakly Correlated,19,6
Weakly Correlated,19,2
Weakly Correlated,19,3
Weakly Correlated,19,0
Weakly Correlated,19,0
Weakly Correlated,19,4
Weakly Correlated,19,4
Weakly Correlated,19,0
Weakly Correlated,19,2
Weakly Correlated,19,3
Weakly Correlated,19,3
Weakly Correlated,19,6
Weakly Correlated,19,5
Weakly Correlated,19,0
Weakly Correlated,19,3
Weakly Correlated,19,3
Weakly Correlated,19,5
Weakly Correlated,19,2
Weakly Correlated,19,5
Weakly Correlated,19,3
Weakly Correlated,19,5
Weakly Correlated,19,2
Weakly Correlated,19,0
Weakly Correlated,19,0
Weakly Correlated,19,4
Weakly Correlated,19,2
Weakly Correlated,20,0
Weakly Correlated,20,3
Weakly Correlated,20,6
Weakly Correlated,20,3
Weakly Correlated,20,3
Weakly Correlated,20,5
Weakly Correlated,20,2
Weakly Correlated,20,0
Weakly Correlated,20,4
Weakly Correlated,20,5
Weakly Correlated,20,0
Weakly Correlated,20,5
Weakly Correlated,20,4
Weakly Correlated,20,0
Weakly Correlated,20,5
Weakly Correlated,20,4
Weakly Correlated,20,6
Weakly Correlated,20,3
Weakly Correlated,20,3
Weakly Correlated,20,3
Weakly Correlated,20,2
Weakly Correlated,20,0
Weakly Correlated,20,2
Weakly Correlated,20,5
Weakly Correlated,20,5
Weakly Correlated,20,4
Weakly Correlated,20,0
Weakly Correlated,20,0
Weakly Correlated,20,0
Weakly Correlated,20,4
Weakly Correlated,20,7
Weakly Correlated,20,4
Weakly Correlated,20,3
Weakly Correlated,20,4
Weakly Correlated,20,4
Weakly Correlated,20,0
Weakly Correlated,20,5
Weakly Correlated,20,4
Weakly Correlated,20,0
Weakly Correlated,20,3
Weakly Correlated,20,5
Weakly Correlated,20,0
Weakly Correlated,20,0
Weakly Correlated,20,3
Weakly Correlated,20,6
Weakly Correlated,20,0
Weakly Correlated,20,5
Weakly Correlated,20,0
Weakly Correlated,20,3
Weakly Correlated,20,3
Weakly Correlated,20,0
Weakly Correlated,20,5
Weakly Correlated,20,0
Weakly Correlated,20,0
Weakly Correlated,20,3
Weakly Correlated,20,5
Weakly Correlated,20,6
Weakly Correlated,20,5
Weakly Correlated,20,5
Weakly Correlated,20,0
Weakly Correlated,20,4
Weakly Correlated,20,3
Weakly Correlated,20,4
Weakly Correlated,20,5
Weakly Correlated,20,0
Weakly Correlated,20,3
Weakly Correlated,20,0
Weakly Correlated,20,3
Weakly Correlated,20,0
Weakly Correlated,20,4
Weakly Correlated,20,3
Weakly Correlated,20,4
Weakly Correlated,21,4
Weakly Correlated,21,3
Weakly Correlated,21,3
Weakly Correlated,21,6
Weakly Correlated,21,0
Weakly Correlated,21,4
Weakly Correlated,21,2
Weakly Correlated,21,0
Weakly Correlated,21,2
Weakly Correlated,21,0
Weakly Correlated,21,2
Weakly Correlated,21,4
Weakly Correlated,21,4
Weakly Correlated,21,4
Weakly Correlated,21,4
Weakly Correlated,21,4
Weakly Correlated,21,6
Weakly Correlated,21,3
Weakly Correlated,21,0
Weakly Correlated,21,4
Weakly Correlated,21,6
Weakly Correlated,21,5
Weakly Correlated,21,0
Weakly Correlated,21,4
Weakly Correlated,21,3
Weakly Correlated,21,5
Weakly Correlated,21,3
Weakly Correlated,21,2
Weakly Correlated,21,3
Weakly Correlated,21,3
Weakly Correlated,21,5
Weakly Correlated,21,4
Weakly Correlated,21,5
Weakly Correlated,21,4
Weakly Correlated,21,3
Weakly Correlated,21,0
Weakly Correlated,21,4
Weakly Correlated,21,4
Weakly Correlated,21,5
Weakly Correlated,21,4
Weakly Correlated,21,0
Weakly Correlated,21,4
Weakly Correlated,21,0
Weakly Correlated,21,4
Weakly Correlated,21,5
Weakly Correlated,21,4
Weakly Correlated,21,4
Weakly Correlated,21,5
Weakly Correlated,21,4
Weakly Correlated,21,0
Weakly Correlated,21,4
Weakly Correlated,21,3
Weakly Correlated,21,4
Weakly Correlated,21,3
Weakly Correlated,21,4
Weakly Correlated,21,0
Weakly Correlated,21,0
Weakly Correlated,21,0
Weakly Correlated,21,0
Weakly Correlated,21,6
Weakly Correlated,21,4
Weakly Correlated,21,3
Weakly Correlated,21,2
Weakly Correlated,21,4
Weakly Correlated,21,4
Weakly Correlated,21,4
Weakly Correlated,21,2
Weakly Correlated,21,0
Weakly Correlated,22,3
Weakly Correlated,22,6
Weakly Correlated,22,5
Weakly Correlated,22,2
Weakly Correlated,22,0
Weakly Correlated,22,3
Weakly Correlated,22,6
Weakly Correlated,22,0
Weakly Correlated,22,3
Weakly Correlated,22,4
Weakly Correlated,22,2
Weakly Correlated,22,4
Weakly Correlated,22,5
Weakly Correlated,22,0
Weakly Correlated,22,4
Weakly Correlated,22,3
Weakly Correlated,22,6
Weakly Correlated,22,6
Weakly Correlated,22,2
Weakly Correlated,22,0
Weakly Correlated,22,3
Weakly Correlated,22,4
Weakly Correlated,22,0
Weakly Correlated,22,3
Weakly Correlated,22,0
Weakly Correlated,22,3
Weakly Correlated,22,0
Weakly Correlated,23,0
Weakly Correlated,23,0
Weakly Correlated,23,6
Weakly Correlated,23,6
Weakly Correlated,23,3
Weakly Correlated,23,5
Weakly Correlated,23,0
Weakly Correlated,23,2
Weakly Correlated,23,0
Weakly Correlated,23,3
Weakly Correlated,23,0
Weakly Correlated,23,5
Weakly Correlated,23,6
Weakly Correlated,23,4
Weakly Correlated,23,4
Weakly Correlated,23,6
Weakly Correlated,23,8
Weakly Correlated,23,3
Weakly Correlated,23,3
Weakly Correlated,23,4
Weakly Correlated,23,3
Weakly Correlated,23,5
Weakly Correlated,23,5
Weakly Correlated,23,4
Weakly Correlated,23,2
Weakly Correlated,23,6
Weakly Correlated,23,4
Weakly Correlated,23,4
Weakly Correlated,23,3
Weakly Correlated,23,2
Weakly Correlated,23,5
Weakly Correlated,23,4
Weakly Correlated,23,0
Weakly Correlated,23,0
Weakly Correlated,23,4
Weakly Correlated,23,0
Weakly Correlated,23,4
Weakly Correlated,23,4
Weakly Correlated,23,5
Weakly Correlated,23,0
Weakly Correlated,23,2
Weakly Correlated,23,4
Weakly Correlated,23,0
Weakly Correlated,23,4
Weakly Correlated,23,4
Weakly Correlated,23,6
Weakly Correlated,23,0
Weakly Correlated,23,6
Weakly Correlated,23,3
Weakly Correlated,23,2
Weakly Correlated,23,4
Weakly Correlated,23,3
Weakly Correlated,23,3
Weakly Correlated,23,6
Weakly Correlated,23,5
Weakly Correlated,23,3
Weakly Correlated,23,6
Weakly Correlated,23,0
Weakly Correlated,23,2
Weakly Correlated,23,4
Weakly Correlated,23,3
Weakly Correlated,23,3
Weakly Correlated,23,0
Weakly Correlated,23,4
Weakly Correlated,23,0
Weakly Correlated,23,0
Weakly Correlated,24,0
Weakly Correlated,24,3
Weakly Correlated,24,0
Weakly Correlated,24,0
Weakly Correlated,24,3
Weakly Correlated,24,0
Weakly Correlated,24,4
Weakly Correlated,24,4
Weakly Correlated,24,3
Weakly Correlated,24,4
Weakly Correlated,24,0
Weakly Correlated,24,4
Weakly Correlated,24,7
Weakly Correlated,24,4
Weakly Correlated,24,2
Weakly Correlated,24,3
Weakly Correlated,24,8
Weakly Correlated,24,0
Weakly Correlated,24,0
Weakly Correlated,24,4
Weakly Correlated,24,6
Weakly Correlated,24,4
Weakly Correlated,24,3
Weakly Correlated,24,2
Weakly Correlated,24,0
Weakly Correlated,24,2
Weakly Correlated,25,0
Weakly Correlated,25,0
Weakly Correlated,25,0
Weakly Correlated,25,4
Weakly Correlated,25,3
Weakly Correlated,25,4
Weakly Correlated,25,5
Weakly Correlated,25,4
Weakly Correlated,25,5
Weakly Correlated,25,2
Weakly Correlated,25,4
Weakly Correlated,25,3
Weakly Correlated,25,10
Weakly Correlated,25,5
Weakly Correlated,25,5
Weakly Correlated,25,5
Weakly Correlated,25,0
Weakly Correlated,25,3
Weakly Correlated,25,5
Weakly Correlated,25,2
Weakly Correlated,25,3
Weakly Correlated,25,3
Weakly Correlated,25,0
Weakly Correlated,25,2
Weakly Correlated,25,4
Weakly Correlated,25,2
Weakly Correlated,25,4
Weakly Correlated,25,0
Weakly Correlated,25,0
Weakly Correlated,25,3
Weakly Correlated,25,0
Weakly Correlated,25,0
Weakly Correlated,25,4
Weakly Correlated,25,2
Weakly Correlated,25,0
Weakly Correlated,25,0
Weakly Correlated,25,3
Weakly Correlated,25,0
Weakly Correlated,26,3
Weakly Correlated,26,4
Weakly Correlated,26,2
Weakly Correlated,26,5
Weakly Correlated,26,3
Weakly Correlated,26,5
Weakly Correlated,26,6
Weakly Correlated,26,0
Weakly Correlated,26,4
Weakly Correlated,26,4
Weakly Correlated,26,2
Weakly Correlated,26,0
Weakly Correlated,26,4
Weakly Correlated,26,3
Weakly Correlated,26,5
Weakly Correlated,26,7
Weakly Correlated,26,0
Weakly Correlated,26,4
Weakly Correlated,26,3
Weakly Correlated,26,4
Weakly Correlated,26,3
Weakly Correlated,26,3
Weakly Correlated,26,0
Weakly Correlated,26,0
Weakly Correlated,27,3
Weakly Correlated,27,0
Weakly Correlated,27,0
Weakly Correlated,27,2
Weakly Correlated,27,4
Weakly Correlated,27,4
Weakly Correlated,27,2
Weakly Correlated,27,3
Weakly Correlated,27,4
Weakly Correlated,27,2
Weakly Correlated,27,2
Weakly Correlated,27,3
Weakly Correlated,27,3
Weakly Correlated,27,4
Weakly Correlated,27,3
Weakly Correlated,27,6
Weakly Correlated,27,0
Weakly Correlated,27,4
Weakly Correlated,27,4
Weakly Correlated,27,6
Weakly Correlated,27,0
Weakly Correlated,27,2
Weakly Correlated,27,3
Weakly Correlated,27,0
Weakly Correlated,27,0
Weakly Correlated,27,4
Weakly Correlated,27,4
Weakly Correlated,27,4
Weakly Correlated,27,0
Weakly Correlated,27,4
Weakly Correlated,27,0
Weakly Correlated,27,6
Weakly Correlated,27,4
Weakly Correlated,27,0
Weakly Correlated,27,4
Weakly Correlated,27,3
Weakly Correlated,27,0
Weakly Correlated,27,3
Weakly Correlated,27,0
Weakly Correlated,27,6
Weakly Correlated,27,2
Weakly Correlated,27,3
Weakly Correlated,27,0
Weakly Correlated,27,3
Weakly Correlated,27,2
Weakly Correlated,27,6
Weakly Correlated,27,0
Weakly Correlated,27,3
Weakly Correlated,27,4
Weakly Correlated,27,4
Weakly Correlated,27,3
Weakly Correlated,27,0
Weakly Correlated,27,3
Weakly Correlated,27,3
Weakly Correlated,27,5
Weakly Correlated,27,2
Weakly Correlated,27,3
Weakly Correlated,27,0
Weakly Correlated,27,5
Weakly Correlated,27,6
Weakly Correlated,27,3
Weakly Correlated,27,0
Weakly Correlated,27,4
Weakly Correlated,27,3
Weakly Correlated,27,3
Weakly Correlated,27,0
Weakly Correlated,27,4
Weakly Correlated,27,4
Weakly Correlated,27,3
Weakly Correlated,27,0
Weakly Correlated,27,4
Weakly Correlated,27,4
Weakly Correlated,27,4
Weakly Correlated,27,5
Weakly Correlated,27,4
Weakly Correlated,27,0
Weakly Correlated,27,5
Weakly Correlated,27,3
Weakly Correlated,27,0
Weakly Correlated,27,0
Weakly Correlated,27,3
Weakly Correlated,27,3
Weakly Correlated,27,3
Weakly Correlated,27,6
Weakly Correlated,27,0
Weakly Correlated,27,0
Weakly Correlated,27,3
Weakly Correlated,27,3
Weakly Correlated,27,0
Weakly Correlated,28,5
Weakly Correlated,28,0
Weakly Correlated,28,2
Weakly Correlated,28,2
Weakly Correlated,28,3
Weakly Correlated,28,4
Weakly Correlated,28,6
Weakly Correlated,28,3
Weakly Correlated,28,4
Weakly Correlated,28,4
Weakly Correlated,28,5
Weakly Correlated,28,4
Weakly Correlated,28,5
Weakly Correlated,28,5
Weakly Correlated,28,5
Weakly Correlated,28,0
Weakly Correlated,28,6
Weakly Correlated,28,5
Weakly Correlated,28,5
Weakly Correlated,28,2
Weakly Correlated,28,5
Weakly Correlated,28,3
Weakly Correlated,28,2
Weakly Correlated,28,0
Weakly Correlated,28,0
Weakly Correlated,28,2
Weakly Correlated,28,4
Weakly Correlated,28,5
Weakly Correlated,28,2
Weakly Correlated,28,5
Weakly Correlated,28,0
Weakly Correlated,28,3
Weakly Correlated,28,0
Weakly Correlated,28,5
Weakly Correlated,28,0
Weakly Correlated,28,3
Weakly Correlated,28,0
Weakly Correlated,29,3
Weakly Correlated,29,3
Weakly Correlated,29,3
Weakly Correlated,29,2
Weakly Correlated,29,0
Weakly Correlated,29,0
Weakly Correlated,29,5
Weakly Correlated,29,4
Weakly Correlated,29,3
Weakly Correlated,30,0
Weakly Correlated,30,3
Weakly Correlated,30,3
Weakly Correlated,30,5
Weakly Correlated,30,3
Weakly Correlated,30,5
Weakly Correlated,30,4
Weakly Correlated,30,3
Weakly Correlated,30,0
Weakly Correlated,30,4
Weakly Correlated,30,0
Weakly Correlated,30,4
Weakly Correlated,30,4
Weakly Correlated,30,6
Weakly Correlated,30,4
Weakly Correlated,30,0
Weakly Correlated,30,5
Weakly Correlated,30,5
Weakly Correlated,30,5
Weakly Correlated,30,7
Weakly Correlated,30,2
Weakly Correlated,30,3
Weakly Correlated,30,7
Weakly Correlated,30,3
Weakly Correlated,30,5
Weakly Correlated,30,6
Weakly Correlated,30,5
Weakly Correlated,30,4
Weakly Correlated,30,3
Weakly Correlated,30,5
Weakly Correlated,30,0
Weakly Correlated,30,7
Weakly Correlated,30,6
Weakly Correlated,30,4
Weakly Correlated,30,4
Weakly Correlated,30,0
Weakly Correlated,30,5
Weakly Correlated,30,4
Weakly Correlated,30,4
Weakly Correlated,30,6
Weakly Correlated,30,0
Weakly Correlated,30,8
Weakly Correlated,30,6
Weakly Correlated,30,2
Weakly Correlated,30,0
Weakly Correlated,30,0
Weakly Correlated,30,5
Weakly Correlated,30,2
Weakly Correlated,31,0
Weakly Correlated,31,0
Weakly Correlated,31,2
Weakly Correlated,31,3
Weakly Correlated,31,6
Weakly Correlated,31,0
Weakly Correlated,31,5
Weakly Correlated,31,4
Weakly Correlated,31,4
Weakly Correlated,31,5
Weakly Correlated,31,4
Weakly Correlated,31,4
Weakly Correlated,31,0
Weakly Correlated,31,3
Weakly Correlated,31,4
Weakly Correlated,31,5
Weakly Correlated,31,0
Weakly Correlated,31,6
Weakly Correlated,31,0
Weakly Correlated,31,0
Weakly Correlated,31,6
Weakly Correlated,31,5
Weakly Correlated,31,2
Weakly Correlated,31,4
Weakly Correlated,31,5
Weakly Correlated,31,0
Weakly Correlated,32,3
Weakly Correlated,32,0
Weakly Correlated,32,5
Weakly Correlated,32,4
Weakly Correlated,32,4
Weakly Correlated,32,5
Weakly Correlated,32,3
Weakly Correlated,32,0
Weakly Correlated,32,0
Weakly Correlated,32,3
Weakly Correlated,32,2
Weakly Correlated,32,4
Weakly Correlated,32,3
Weakly Correlated,32,3
Weakly Correlated,32,6
Weakly Correlated,32,4
Weakly Correlated,32,4
Weakly Correlated,32,4
Weakly Correlated,32,5
Weakly Correlated,32,6
Weakly Correlated,32,4
Weakly Correlated,32,3
Weakly Correlated,32,5
Weakly Correlated,32,3
Weakly Correlated,32,5
Weakly Correlated,32,2
Weakly Correlated,32,2
Weakly Correlated,32,4
Weakly Correlated,32,2
Weakly Correlated,32,4
Weakly Correlated,32,4
Weakly Correlated,32,5
Weakly Correlated,32,4
Weakly Correlated,32,4
Weakly Correlated,32,6
Weakly Correlated,32,4
Weakly Correlated,32,3
Weakly Correlated,32,3
Weakly Correlated,32,3
Weakly Correlated,32,2
Weakly Correlated,32,7
Weakly Correlated,32,5
Weakly Correlated,32,4
Weakly Correlated,32,4
Weakly Correlated,32,4
Weakly Correlated,32,6
Weakly Correlated,32,0
Weakly Correlated,32,4
Weakly Correlated,32,2
Weakly Correlated,32,0
Weakly Correlated,32,0
Weakly Correlated,32,4
Weakly Correlated,32,3
Weakly Correlated,32,0
Weakly Correlated,32,4
Weakly Correlated,32,4
Weakly Correlated,32,6
Weakly Correlated,32,4
Weakly Correlated,32,5
Weakly Correlated,32,5
Weakly Correlated,32,4
Weakly Correlated,32,3
Weakly Correlated,32,0
Weakly Correlated,33,0
Weakly Correlated,33,4
Weakly Correlated,33,3
Weakly Correlated,33,3
Weakly Correlated,33,4
Weakly Correlated,33,6
Weakly Correlated,33,4
Weakly Correlated,33,3
Weakly Correlated,33,3
Weakly Correlated,33,0
Weakly Correlated,33,4
Weakly Correlated,33,5
Weakly Correlated,33,0
Weakly Correlated,33,4
Weakly Correlated,33,0
Weakly Correlated,33,4
Weakly Correlated,33,4
Weakly Correlated,33,3
Weakly Correlated,33,3
Weakly Correlated,33,3
Weakly Correlated,33,0
Weakly Correlated,33,2
Weakly Correlated,33,6
Weakly Correlated,33,3
Weakly Correlated,33,0
Weakly Correlated,33,4
Weakly Correlated,33,6
Weakly Correlated,33,5
Weakly Correlated,33,4
Weakly Correlated,33,3
Weakly Correlated,33,5
Weakly Correlated,33,5
Weakly Correlated,33,3
Weakly Correlated,33,4
Weakly Correlated,33,5
Weakly Correlated,33,4
Weakly Correlated,33,4
Weakly Correlated,33,3
Weakly Correlated,33,4
Weakly Correlated,33,3
Weakly Correlated,33,4
Weakly Correlated,33,5
Weakly Correlated,33,5
Weakly Correlated,33,4
Weakly Correlated,33,6
Weakly Correlated,33,6
Weakly Correlated,33,5
Weakly Correlated,33,3
Weakly Correlated,33,3
Weakly Correlated,33,4
Weakly Correlated,33,6
Weakly Correlated,33,0
Weakly Correlated,33,5
Weakly Correlated,33,6
Weakly Correlated,33,5
Weakly Correlated,33,6
Weakly Correlated,33,0
Weakly Correlated,33,5
Weakly Correlated,33,4
Weakly Correlated,33,6
Weakly Correlated,33,4
Weakly Correlated,33,4
Weakly Correlated,33,4
Weakly Correlated,33,0
Weakly Correlated,33,3
Weakly Correlated,34,3
Weakly Correlated,34,4
Weakly Correlated,34,6
Weakly Correlated,34,2
Weakly Correlated,34,5
Weakly Correlated,34,0
Weakly Correlated,34,4
Weakly Correlated,34,3
Weakly Correlated,34,3
Weakly Correlated,34,5
Weakly Correlated,34,5
Weakly Correlated,34,4
Weakly Correlated,34,5
Weakly Correlated,34,4
Weakly Correlated,34,4
Weakly Correlated,34,3
Weakly Correlated,34,5
Weakly Correlated,35,0
Weakly Correlated,35,0
Weakly Correlated,35,3
Weakly Correlated,35,2
Weakly Correlated,35,0
Weakly Correlated,35,5
Weakly Correlated,35,5
Weakly Correlated,35,6
Weakly Correlated,35,4
Weakly Correlated,35,3
Weakly Correlated,35,0
Weakly Correlated,35,3
Weakly Correlated,35,4
Weakly Correlated,35,0
Weakly Correlated,35,0
